<?xml version="1.0" encoding="UTF-8"?><?xml-stylesheet type='text/xsl' href='_UpgradeReport_Files/UpgradeReport.xslt'?><UpgradeLog>
<Properties><Property Name="Solution" Value="SchemaCompare">
</Property><Property Name="Solution File" Value="C:\IMP_Softwares\OracleSchemaCompare_src\SchemaCompare.sln">
</Property><Property Name="Date" Value="Tuesday, July 3, 2018">
</Property><Property Name="Time" Value="20:50 PM">
</Property></Properties><Event ErrorLevel="0" Project="" Source="SchemaCompare.sln" Description="File successfully backed up as C:\IMP_Softwares\OracleSchemaCompare_src\Backup\SchemaCompare.sln">
</Event><Event ErrorLevel="0" Project="SchemaCompare" Source="SchemaCompare.vbproj" Description="Project file successfully backed up as C:\IMP_Softwares\OracleSchemaCompare_src\Backup\SchemaCompare.vbproj">
</Event><Event ErrorLevel="0" Project="SchemaCompare" Source="SchemaCompare.vbproj.user" Description="Project user file successfully backed up as C:\IMP_Softwares\OracleSchemaCompare_src\Backup\SchemaCompare.vbproj.user">
</Event><Event ErrorLevel="0" Project="SchemaCompare" Source="AssemblyInfo.vb" Description="File successfully backed up as C:\IMP_Softwares\OracleSchemaCompare_src\Backup\AssemblyInfo.vb">
</Event><Event ErrorLevel="0" Project="SchemaCompare" Source="Encryption.vb" Description="File successfully backed up as C:\IMP_Softwares\OracleSchemaCompare_src\Backup\Encryption.vb">
</Event><Event ErrorLevel="0" Project="SchemaCompare" Source="frmMain.vb" Description="File successfully backed up as C:\IMP_Softwares\OracleSchemaCompare_src\Backup\frmMain.vb">
</Event><Event ErrorLevel="0" Project="SchemaCompare" Source="OracleCompare.vb" Description="File successfully backed up as C:\IMP_Softwares\OracleSchemaCompare_src\Backup\OracleCompare.vb">
</Event><Event ErrorLevel="0" Project="SchemaCompare" Source="frmMain.resx" Description="File successfully backed up as C:\IMP_Softwares\OracleSchemaCompare_src\Backup\frmMain.resx">
</Event><Event ErrorLevel="0" Project="SchemaCompare" Source="SchemaCompare.vbproj" Description="Project converted successfully">
</Event><Event ErrorLevel="3" Project="SchemaCompare" Source="SchemaCompare.vbproj" Description="Converted">
</Event><Event ErrorLevel="0" Project="" Source="SchemaCompare.sln" Description="Solution converted successfully">
</Event><Event ErrorLevel="3" Project="" Source="SchemaCompare.sln" Description="Converted">
</Event><Event ErrorLevel="0" Project="SchemaCompare" Source="SchemaCompare.vbproj" Description="Scan complete: Upgrade not required for project files.">
</Event></UpgradeLog>